{"cameraMode":{"drawMode":0,"name":"Shaded","section":"Shading Mode"},"sceneLighting":false,"audioPlay":false,"sceneViewState":{"showFog":true,"showMaterialUpdate":false,"showSkybox":true,"showFlares":true,"showImageEffects":true,"showParticleSystems":true},"in2DMode":false,"pivot":{"x":-233.6974334716797,"y":101.8958740234375,"z":-118.046630859375},"rotation":{"x":0.5251798629760742,"y":-0.05861855298280716,"z":0.03629513457417488,"w":0.8481947183609009},"size":297.615966796875,"orthographic":false}