{"cameraMode":{"drawMode":0,"name":"Shaded","section":"Shading Mode"},"sceneLighting":false,"audioPlay":false,"sceneViewState":{"showFog":true,"showMaterialUpdate":false,"showSkybox":true,"showFlares":true,"showImageEffects":true,"showParticleSystems":true},"in2DMode":false,"pivot":{"x":-349.7956848144531,"y":68.24424743652344,"z":-196.38304138183595},"rotation":{"x":0.569953978061676,"y":-0.40629392862319949,"z":0.38492685556411745,"w":0.6015926599502564},"size":2.0153238773345949,"orthographic":false}