{"cameraMode":{"drawMode":0,"name":"Shaded","section":"Shading Mode"},"sceneLighting":false,"audioPlay":false,"sceneViewState":{"showFog":true,"showMaterialUpdate":false,"showSkybox":false,"showFlares":true,"showImageEffects":true,"showParticleSystems":true},"in2DMode":false,"pivot":{"x":-322.20001220703127,"y":1.2999999523162842,"z":-151.3800048828125},"rotation":{"x":-0.5768366456031799,"y":-0.01811685785651207,"z":0.012832907028496266,"w":-0.816594660282135},"size":82.80288696289063,"orthographic":false}