{"cameraMode":{"drawMode":0,"name":"Shaded","section":"Shading Mode"},"sceneLighting":false,"audioPlay":false,"sceneViewState":{"showFog":true,"showMaterialUpdate":false,"showSkybox":false,"showFlares":true,"showImageEffects":true,"showParticleSystems":true},"in2DMode":false,"pivot":{"x":-322.20001220703127,"y":1.2999999523162842,"z":-151.3800048828125},"rotation":{"x":0.3208264708518982,"y":-0.6708982586860657,"z":0.4044046998023987,"w":0.5324459075927734},"size":82.80288696289063,"orthographic":false}