{"cameraMode":{"drawMode":0,"name":"Shaded","section":"Shading Mode"},"sceneLighting":true,"audioPlay":false,"sceneViewState":{"showFog":true,"showMaterialUpdate":false,"showSkybox":true,"showFlares":true,"showImageEffects":true,"showParticleSystems":true},"in2DMode":false,"pivot":{"x":-185.73049926757813,"y":-33.946495056152347,"z":-119.53225708007813},"rotation":{"x":0.54865562915802,"y":-0.06750836223363877,"z":0.044606585055589679,"w":0.8321698904037476},"size":546.6746826171875,"orthographic":false}