{"cameraMode":{"drawMode":0,"name":"Shaded","section":"Shading Mode"},"sceneLighting":false,"audioPlay":false,"sceneViewState":{"showFog":true,"showMaterialUpdate":false,"showSkybox":false,"showFlares":true,"showImageEffects":true,"showParticleSystems":true},"in2DMode":false,"pivot":{"x":6.100006103515625,"y":-0.10000000149011612,"z":-50.29999542236328},"rotation":{"x":0.54865562915802,"y":-0.06750836223363877,"z":0.044606585055589679,"w":0.8321698904037476},"size":1286.8045654296875,"orthographic":false}