{"cameraMode":{"drawMode":0,"name":"Shaded","section":"Shading Mode"},"sceneLighting":false,"audioPlay":false,"sceneViewState":{"showFog":true,"showMaterialUpdate":false,"showSkybox":true,"showFlares":true,"showImageEffects":true,"showParticleSystems":true},"in2DMode":false,"pivot":{"x":-325.08575439453127,"y":-1.433699607849121,"z":-153.85276794433595},"rotation":{"x":0.36975419521331789,"y":-0.4333154261112213,"z":0.2010412961244583,"w":0.7969623804092407},"size":22.0,"orthographic":false}