{"cameraMode":{"drawMode":0,"name":"Shaded","section":"Shading Mode"},"sceneLighting":false,"audioPlay":false,"sceneViewState":{"showFog":true,"showMaterialUpdate":false,"showSkybox":false,"showFlares":true,"showImageEffects":true,"showParticleSystems":true},"in2DMode":false,"pivot":{"x":6.100006103515625,"y":-0.10000000149011612,"z":-50.29999542236328},"rotation":{"x":0.2209070473909378,"y":-0.5312971472740173,"z":0.14583969116210938,"w":0.8047724962234497},"size":1286.8045654296875,"orthographic":false}