{"cameraMode":{"drawMode":0,"name":"Shaded","section":"Shading Mode"},"sceneLighting":false,"audioPlay":false,"sceneViewState":{"showFog":true,"showMaterialUpdate":false,"showSkybox":true,"showFlares":true,"showImageEffects":true,"showParticleSystems":true},"in2DMode":false,"pivot":{"x":-23.029998779296876,"y":1.2000000476837159,"z":-15.244998931884766},"rotation":{"x":0.15771521627902986,"y":0.017773017287254335,"z":-0.0028400744777172806,"w":0.9873433709144592},"size":1104.541015625,"orthographic":false}